<?xml version="1.0" encoding="UTF-8" standalone="no"?>

<board schema_version="2.1" vendor="UTsukuba" name="AXU3EG" display_name="Alinx AXU3EG" url="" preset_file="preset.xml">
<!-- schema_version must not be less than 2.1 -->
  
  <images>
    <image name="axu3eg.jpg" display_name="Alinx AXU3EG" sub_type="board">
      <description>AXU3EG Board File Image</description>
    </image>
  </images>

  <compatible_board_revisions>
    <revision id="0">1.0</revision>
  </compatible_board_revisions>
   
  <file_version>1.0</file_version>
  
  <description>AXU3EG</description>

  <parameters></parameters>
  <jumpers></jumpers>

  <components> 
    <component name="part0" display_name="Zynq chip on SoM" type="fpga" part_name="xczu3eg-sfvc784-1-i" pin_map_file="part0_pins.xml" vendor="xilinx" spec_url="www.xilinx.com">
      <description>FPGA part on the board</description>
      <interfaces>
        <interface mode="master" name="ps8_fixedio" type="xilinx.com:zynq_ultra_ps_e:fixedio_rtl:1.0" of_component="ps8_fixedio" preset_proc="zynq_ultra_ps_e_preset"> 
          <preferred_ips>
            <preferred_ip vendor="xilinx.com" library="ip" name="zynq_ultra_ps_e" order="0"/>
          </preferred_ips>
        </interface>
	
	<!--
	<interface mode="slave" name="user_si570_sysclk" type="xilinx.com:interface:diff_clock_rtl:1.0" of_component="user_si570_sysclk">
          <parameters>
            <parameter name="frequency" value="300000000"/>
          </parameters>
          <preferred_ips>
            <preferred_ip vendor="xilinx.com" library="ip" name="clk_wiz" order="0"/>
          </preferred_ips>
          <port_maps>
            <port_map logical_port="CLK_P" physical_port="user_si570_sysclk_p" dir="in">
              <pin_maps>
                <pin_map port_index="0" component_pin="user_si570_sysclk_p"/>
              </pin_maps>
            </port_map>
            <port_map logical_port="CLK_N" physical_port="user_si570_sysclk_n" dir="in">
              <pin_maps>
                <pin_map port_index="0" component_pin="user_si570_sysclk_n"/>
              </pin_maps>
            </port_map>
          </port_maps>
        </interface>
	-->
	<!--
	<interface mode="master" name="uart2_pl" type="xilinx.com:interface:uart_rtl:1.0" of_component="uart2_pl" preset_proc="uart2_PL_preset">
          <preferred_ips>
            <preferred_ip vendor="xilinx.com" library="ip" name="axi_uartlite" order="0"/>
          </preferred_ips>
          <port_maps>
            <port_map logical_port="TxD" physical_port="rs232_uart_txd" dir="out">
              <pin_maps>
                <pin_map port_index="0" component_pin="uart2_PL_TX"/>
              </pin_maps>
            </port_map>
            <port_map logical_port="RxD" physical_port="rs232_uart_rxd" dir="in">
              <pin_maps>
                <pin_map port_index="0" component_pin="uart2_PL_RX"/>
              </pin_maps>
            </port_map>
          </port_maps>
        </interface>
	-->
	<!--
	<interface mode="master" name="ddr4_sdram_075" type="xilinx.com:interface:ddr4_rtl:1.0" of_component="ddr4_sdram" preset_proc="ddr4_sdram_preset_075">
	  <description>DDR4 board interface, it can use DDR4 controller IP for connection. </description>
	  <preferred_ips>
	    <preferred_ip vendor="xilinx.com" library="ip" name="ddr4" order="0"/>
	  </preferred_ips>
	  <port_maps>
	    <port_map logical_port="ACT_N" physical_port="c0_ddr4_act_n" dir="out">
	      <pin_maps>
		<pin_map port_index="0" component_pin="c0_ddr4_act_n"/>
	      </pin_maps>
	    </port_map>
	    <port_map logical_port="ADR" physical_port="c0_ddr4_adr" dir="out" left="16" right="0">
	      <pin_maps>
		<pin_map port_index="0" component_pin="c0_ddr4_adr0"/>
		<pin_map port_index="1" component_pin="c0_ddr4_adr1"/>
		<pin_map port_index="2" component_pin="c0_ddr4_adr2"/>
		<pin_map port_index="3" component_pin="c0_ddr4_adr3"/>
		<pin_map port_index="4" component_pin="c0_ddr4_adr4"/>
		<pin_map port_index="5" component_pin="c0_ddr4_adr5"/>
		<pin_map port_index="6" component_pin="c0_ddr4_adr6"/>
		<pin_map port_index="7" component_pin="c0_ddr4_adr7"/>
		<pin_map port_index="8" component_pin="c0_ddr4_adr8"/>
		<pin_map port_index="9" component_pin="c0_ddr4_adr9"/>
		<pin_map port_index="10" component_pin="c0_ddr4_adr10"/>
		<pin_map port_index="11" component_pin="c0_ddr4_adr11"/>
		<pin_map port_index="12" component_pin="c0_ddr4_adr12"/>
		<pin_map port_index="13" component_pin="c0_ddr4_adr13"/>
		<pin_map port_index="14" component_pin="c0_ddr4_adr14"/>
		<pin_map port_index="15" component_pin="c0_ddr4_adr15"/>
		<pin_map port_index="16" component_pin="c0_ddr4_adr16"/>
	      </pin_maps>
	    </port_map>
	    <port_map logical_port="BA" physical_port="c0_ddr4_ba" dir="out" left="1" right="0">
	      <pin_maps>
		<pin_map port_index="0" component_pin="c0_ddr4_ba0"/>
		<pin_map port_index="1" component_pin="c0_ddr4_ba1"/>
	      </pin_maps>
	    </port_map>
	    <port_map logical_port="BG" physical_port="c0_ddr4_bg" dir="out">
	      <pin_maps>
		<pin_map port_index="0" component_pin="c0_ddr4_bg"/>
	      </pin_maps>
	    </port_map>
	    <port_map logical_port="CK_C" physical_port="c0_ddr4_ck_c" dir="out">
	      <pin_maps>
		<pin_map port_index="0" component_pin="c0_ddr4_ck_c"/>
	      </pin_maps>
	    </port_map>
	    <port_map logical_port="CK_T" physical_port="c0_ddr4_ck_t" dir="out">
	      <pin_maps>
		<pin_map port_index="0" component_pin="c0_ddr4_ck_t"/>
	      </pin_maps>
	    </port_map>
	    <port_map logical_port="CKE" physical_port="c0_ddr4_cke" dir="out">
	      <pin_maps>
		<pin_map port_index="0" component_pin="c0_ddr4_cke"/>
	      </pin_maps>
	    </port_map>
	    <port_map logical_port="CS_N" physical_port="c0_ddr4_cs_n" dir="out">
	      <pin_maps>
		<pin_map port_index="0" component_pin="c0_ddr4_cs_n"/>
	      </pin_maps>
	    </port_map>
	    <port_map logical_port="DM_N" physical_port="c0_ddr4_dm_dbi_n" dir="inout" left="1" right="0">
	      <pin_maps>
		<pin_map port_index="0" component_pin="c0_ddr4_dm_dbi_n0"/>
		<pin_map port_index="1" component_pin="c0_ddr4_dm_dbi_n1"/>
	      </pin_maps>
	    </port_map>
	    <port_map logical_port="DQ" physical_port="c0_ddr4_dq" dir="inout" left="15" right="0">
	      <pin_maps>
		<pin_map port_index="0" component_pin="c0_ddr4_dq0"/>
		<pin_map port_index="1" component_pin="c0_ddr4_dq1"/>
		<pin_map port_index="2" component_pin="c0_ddr4_dq2"/>
		<pin_map port_index="3" component_pin="c0_ddr4_dq3"/>
		<pin_map port_index="4" component_pin="c0_ddr4_dq4"/>
		<pin_map port_index="5" component_pin="c0_ddr4_dq5"/>
		<pin_map port_index="6" component_pin="c0_ddr4_dq6"/>
		<pin_map port_index="7" component_pin="c0_ddr4_dq7"/>
		<pin_map port_index="8" component_pin="c0_ddr4_dq8"/>
		<pin_map port_index="9" component_pin="c0_ddr4_dq9"/>
		<pin_map port_index="10" component_pin="c0_ddr4_dq10"/>
		<pin_map port_index="11" component_pin="c0_ddr4_dq11"/>
		<pin_map port_index="12" component_pin="c0_ddr4_dq12"/>
		<pin_map port_index="13" component_pin="c0_ddr4_dq13"/>
		<pin_map port_index="14" component_pin="c0_ddr4_dq14"/>
		<pin_map port_index="15" component_pin="c0_ddr4_dq15"/>
	      </pin_maps>
	    </port_map>
	    <port_map logical_port="DQS_C" physical_port="c0_ddr4_dqs_c" dir="inout" left="1" right="0">
	      <pin_maps>
		<pin_map port_index="0" component_pin="c0_ddr4_dqs_c0"/>
		<pin_map port_index="1" component_pin="c0_ddr4_dqs_c1"/>
	      </pin_maps>
	    </port_map>
	    <port_map logical_port="DQS_T" physical_port="c0_ddr4_dqs_t" dir="out" left="1" right="0">
	      <pin_maps>
		<pin_map port_index="0" component_pin="c0_ddr4_dqs_t0"/>
		<pin_map port_index="1" component_pin="c0_ddr4_dqs_t1"/>
	      </pin_maps>
	    </port_map>
	    <port_map logical_port="ODT" physical_port="c0_ddr4_odt" dir="out">
	      <pin_maps>
		<pin_map port_index="0" component_pin="c0_ddr4_odt"/>
	      </pin_maps>
	    </port_map>
	    <port_map logical_port="RESET_N" physical_port="c0_ddr4_reset_n" dir="out">
	      <pin_maps>
		<pin_map port_index="0" component_pin="c0_ddr4_reset_n"/>
	      </pin_maps>
	    </port_map>
	  </port_maps>
	</interface>
-->
<!--	
	<interface mode="master" name="ddr4_sdram_062" type="xilinx.com:interface:ddr4_rtl:1.0" of_component="ddr4_sdram" preset_proc="ddr4_sdram_preset_062">
	  <description>DDR4 board interface, it can use DDR4 controller IP for connection. </description>
	  <preferred_ips>
	    <preferred_ip vendor="xilinx.com" library="ip" name="ddr4" order="0"/>
	  </preferred_ips>
	  <port_maps>
	    <port_map logical_port="ACT_N" physical_port="c0_ddr4_act_n" dir="out">
	      <pin_maps>
		<pin_map port_index="0" component_pin="c0_ddr4_act_n"/>
	      </pin_maps>
	    </port_map>
	    <port_map logical_port="ADR" physical_port="c0_ddr4_adr" dir="out" left="16" right="0">
	      <pin_maps>
		<pin_map port_index="0" component_pin="c0_ddr4_adr0"/>
		<pin_map port_index="1" component_pin="c0_ddr4_adr1"/>
		<pin_map port_index="2" component_pin="c0_ddr4_adr2"/>
		<pin_map port_index="3" component_pin="c0_ddr4_adr3"/>
		<pin_map port_index="4" component_pin="c0_ddr4_adr4"/>
		<pin_map port_index="5" component_pin="c0_ddr4_adr5"/>
		<pin_map port_index="6" component_pin="c0_ddr4_adr6"/>
		<pin_map port_index="7" component_pin="c0_ddr4_adr7"/>
		<pin_map port_index="8" component_pin="c0_ddr4_adr8"/>
		<pin_map port_index="9" component_pin="c0_ddr4_adr9"/>
		<pin_map port_index="10" component_pin="c0_ddr4_adr10"/>
		<pin_map port_index="11" component_pin="c0_ddr4_adr11"/>
		<pin_map port_index="12" component_pin="c0_ddr4_adr12"/>
		<pin_map port_index="13" component_pin="c0_ddr4_adr13"/>
		<pin_map port_index="14" component_pin="c0_ddr4_adr14"/>
		<pin_map port_index="15" component_pin="c0_ddr4_adr15"/>
		<pin_map port_index="16" component_pin="c0_ddr4_adr16"/>
	      </pin_maps>
	    </port_map>
	    <port_map logical_port="BA" physical_port="c0_ddr4_ba" dir="out" left="1" right="0">
	      <pin_maps>
		<pin_map port_index="0" component_pin="c0_ddr4_ba0"/>
		<pin_map port_index="1" component_pin="c0_ddr4_ba1"/>
	      </pin_maps>
	    </port_map>
	    <port_map logical_port="BG" physical_port="c0_ddr4_bg" dir="out">
	      <pin_maps>
		<pin_map port_index="0" component_pin="c0_ddr4_bg"/>
	      </pin_maps>
	    </port_map>
	    <port_map logical_port="CK_C" physical_port="c0_ddr4_ck_c" dir="out">
	      <pin_maps>
		<pin_map port_index="0" component_pin="c0_ddr4_ck_c"/>
	      </pin_maps>
	    </port_map>
	    <port_map logical_port="CK_T" physical_port="c0_ddr4_ck_t" dir="out">
	      <pin_maps>
		<pin_map port_index="0" component_pin="c0_ddr4_ck_t"/>
	      </pin_maps>
	    </port_map>
	    <port_map logical_port="CKE" physical_port="c0_ddr4_cke" dir="out">
	      <pin_maps>
		<pin_map port_index="0" component_pin="c0_ddr4_cke"/>
	      </pin_maps>
	    </port_map>
	    <port_map logical_port="CS_N" physical_port="c0_ddr4_cs_n" dir="out">
	      <pin_maps>
		<pin_map port_index="0" component_pin="c0_ddr4_cs_n"/>
	      </pin_maps>
	    </port_map>
	    <port_map logical_port="DM_N" physical_port="c0_ddr4_dm_dbi_n" dir="inout" left="1" right="0">
	      <pin_maps>
		<pin_map port_index="0" component_pin="c0_ddr4_dm_dbi_n0"/>
		<pin_map port_index="1" component_pin="c0_ddr4_dm_dbi_n1"/>
	      </pin_maps>
	    </port_map>
	    <port_map logical_port="DQ" physical_port="c0_ddr4_dq" dir="inout" left="15" right="0">
	      <pin_maps>
		<pin_map port_index="0" component_pin="c0_ddr4_dq0"/>
		<pin_map port_index="1" component_pin="c0_ddr4_dq1"/>
		<pin_map port_index="2" component_pin="c0_ddr4_dq2"/>
		<pin_map port_index="3" component_pin="c0_ddr4_dq3"/>
		<pin_map port_index="4" component_pin="c0_ddr4_dq4"/>
		<pin_map port_index="5" component_pin="c0_ddr4_dq5"/>
		<pin_map port_index="6" component_pin="c0_ddr4_dq6"/>
		<pin_map port_index="7" component_pin="c0_ddr4_dq7"/>
		<pin_map port_index="8" component_pin="c0_ddr4_dq8"/>
		<pin_map port_index="9" component_pin="c0_ddr4_dq9"/>
		<pin_map port_index="10" component_pin="c0_ddr4_dq10"/>
		<pin_map port_index="11" component_pin="c0_ddr4_dq11"/>
		<pin_map port_index="12" component_pin="c0_ddr4_dq12"/>
		<pin_map port_index="13" component_pin="c0_ddr4_dq13"/>
		<pin_map port_index="14" component_pin="c0_ddr4_dq14"/>
		<pin_map port_index="15" component_pin="c0_ddr4_dq15"/>
	      </pin_maps>
	    </port_map>
	    <port_map logical_port="DQS_C" physical_port="c0_ddr4_dqs_c" dir="inout" left="1" right="0">
	      <pin_maps>
		<pin_map port_index="0" component_pin="c0_ddr4_dqs_c0"/>
		<pin_map port_index="1" component_pin="c0_ddr4_dqs_c1"/>
	      </pin_maps>
	    </port_map>
	    <port_map logical_port="DQS_T" physical_port="c0_ddr4_dqs_t" dir="out" left="1" right="0">
	      <pin_maps>
		<pin_map port_index="0" component_pin="c0_ddr4_dqs_t0"/>
		<pin_map port_index="1" component_pin="c0_ddr4_dqs_t1"/>
	      </pin_maps>
	    </port_map>
	    <port_map logical_port="ODT" physical_port="c0_ddr4_odt" dir="out">
	      <pin_maps>
		<pin_map port_index="0" component_pin="c0_ddr4_odt"/>
	      </pin_maps>
	    </port_map>
	    <port_map logical_port="RESET_N" physical_port="c0_ddr4_reset_n" dir="out">
	      <pin_maps>
		<pin_map port_index="0" component_pin="c0_ddr4_reset_n"/>
	      </pin_maps>
	    </port_map>
	  </port_maps>
	</interface>
-->
	<!--
	<interface mode="slave" name="reset" type="xilinx.com:signal:reset_rtl:1.0" of_component="reset">
	  <parameters>
	    <parameter name="rst_polarity" value="1"/>
	  </parameters>
	  <preferred_ips>
	    <preferred_ip vendor="xilinx.com" library="ip" name="proc_sys_reset" order="0"/>
	  </preferred_ips>
	  <port_maps>
	    <port_map logical_port="RESET" physical_port="reset" dir="in">
	      <pin_maps>
		<pin_map port_index="0" component_pin="CPU_RESET"/>
	      </pin_maps>
	    </port_map>
	  </port_maps>
	</interface>
	-->
      </interfaces>
	
    </component>

    <component name="ps8_fixedio" display_name="PS8 fixed IO" type="chip" sub_type="fixed_io" major_group=""/>
    <!--
    <component name="user_si570_sysclk" display_name="User Programmable differential clock" type="chip" sub_type="system_clock" major_group="Clock Sources" part_name="SI5341B" vendor="Silicon Labs" spec_url="www.silabs.com">
      <description>SI570 based User programmable differential 300 MHz Clock. Can be used for DDR4 input system clock</description>
      <parameters>
	<parameter name="frequency" value="300000000"/>
      </parameters>
    </component>
    -->
    <!--
    <component name="reset" display_name="FPGA Reset" type="chip" sub_type="system_reset" major_group="Reset" part_name="TL3301EP100QG" vendor="ESwitch">
      <description>CPU Reset Push Button, Active High</description>
    </component>
    -->
<!--    
    <component name="uart2_pl" display_name="UART" type="chip" sub_type="uart" major_group="Miscellaneous" part_name="CP2108" vendor="SiliconLabs">
      <description>PL UART </description>
      <pins>
	<pin index="0" name="rs232_uart_USB_TX" iostandard="LVCMOS33"/>
	<pin index="1" name="rs232_uart_USB_RX" iostandard="LVCMOS33"/>
      </pins>
    </component>
-->
<!--    
    <component name="ddr4_sdram" display_name="DDR4 SDRAM" type="chip" sub_type="ddr" major_group="External Memory" part_name="MT40A256M16GE-075E(old)/MT40A256M16LY-062E(new)" vendor="Micron" spec_url="https://www.micron.com/parts/dram/ddr4-sdram/mt40a256m16ge-075e">
      <description>2GB DDR4 SDRAM memory SODIMM</description>
      <parameters>
	<parameter name="ddr_type" value="ddr4"/>
	<parameter name="size" value="2GB"/>
      </parameters>
      <component_modes>
	<component_mode name="ddr4_sdram_075" display_name="ddr4_sdram_075">
	  <interfaces>
	    <interface name="ddr4_sdram_075"/>
	  </interfaces>
	</component_mode>		
	<component_mode name="ddr4_sdram_062" display_name="ddr4_sdram_062">
	  <interfaces>
	    <interface name="ddr4_sdram_062"/>
	  </interfaces>
	</component_mode>
      </component_modes>
      </component>
      -->
  </components>
  
  <jtag_chains>
    <jtag_chain name="chain1">
      <position name="0" component="part0"/>
    </jtag_chain>
  </jtag_chains>

  <connections>
    <!-- connections between FPGA and peripheral parts -->
  </connections> 
  
  <ip_associated_rules>
    <!-- よくわからない -->
    <!--
    <ip_associated_rule name="default">
      <ip vendor="xilinx.com" library="ip" name="ddr4" version="*" ip_interface="C0_SYS_CLK">
	<associated_board_interfaces>
	  <associated_board_interface name="user_si570_sysclk" order="0"/> 
	</associated_board_interfaces>
      </ip>
      </ip_associated_rule>
      -->
  </ip_associated_rules>

</board>

