<?xml version="1.0" encoding="UTF-8" standalone="no" ?> 

<ip_presets schema="1.0">
  
  <ip_preset preset_proc_name="zynq_ultra_ps_e_preset"> 
    <ip vendor="xilinx.com" library="ip" name="zynq_ultra_ps_e" version="*"> 
      <user_parameters>
	<user_parameter name="CONFIG.PSU__PSS_REF_CLK__FREQMHZ" value="33.333"/>

	<!-- <user_parameter name="CONFIG.PSU_DYNAMIC_DDR_CONFIG_EN" value="1" /> -->
	<user_parameter name="CONFIG.PSU__PRESET_APPLIED" value="1"/>
	<user_parameter name="CONFIG.PSU_BANK_0_IO_STANDARD" value="LVCMOS18"/>
	<user_parameter name="CONFIG.PSU_BANK_1_IO_STANDARD" value="LVCMOS18"/>
	<user_parameter name="CONFIG.PSU_BANK_2_IO_STANDARD" value="LVCMOS18"/>
	<user_parameter name="CONFIG.PSU_BANK_3_IO_STANDARD" value="LVCMOS33"/>

	<user_parameter name="CONFIG.PSU__ENET3__GRP_MDIO__ENABLE" value="1"/>
	<user_parameter name="CONFIG.PSU__ENET3__GRP_MDIO__IO" value="MIO 76 .. 77"/>
	<user_parameter name="CONFIG.PSU__ENET3__PERIPHERAL__ENABLE" value="1"/>
	<user_parameter name="CONFIG.PSU__ENET3__PERIPHERAL__IO" value="MIO 64 .. 75"/>
	<user_parameter name="CONFIG.PSU__USB0__PERIPHERAL__ENABLE" value="1"/>
	<user_parameter name="CONFIG.PSU__USB0__PERIPHERAL__IO" value="MIO 52 .. 63"/>
	<user_parameter name="CONFIG.PSU__USB0__RESET__ENABLE" value="1"/>
	<user_parameter name="CONFIG.PSU__USB0__RESET__IO" value="MIO 31"/>

	<user_parameter name="CONFIG.PSU__USB0__REF_CLK_SEL" value="Ref Clk1"/>
	<user_parameter name="CONFIG.PSU__USB0__REF_CLK_FREQ" value="26"/>

	<user_parameter name="CONFIG.PSU__USB__RESET__POLARITY" value="Active Low"/>
	<user_parameter name="CONFIG.PSU__USB__RESET__MODE" value="Shared MIO pin"/>  
	<user_parameter name="CONFIG.PSU__USB3_0__PERIPHERAL__ENABLE" value="1"/>
	<user_parameter name="CONFIG.PSU__USB3_0__PERIPHERAL__IO" value="GT Lane1"/>

	<user_parameter name="CONFIG.PSU__I2C1__PERIPHERAL__ENABLE" value="1"/>
	<user_parameter name="CONFIG.PSU__I2C1__PERIPHERAL__IO" value="MIO 24 .. 25"/>
	<!-- 
	<user_parameter name="CONFIG.PSU__QSPI__PERIPHERAL__ENABLE" value="1"/>
	<user_parameter name="CONFIG.PSU__QSPI__GRP_FBCLK__ENABLE" value="1"/>
	<user_parameter name="CONFIG.PSU__QSPI__GRP_FBCLK__IO" value="MIO 6"/>
	<user_parameter name="CONFIG.PSU__QSPI__PERIPHERAL__DATA_MODE" value="x4"/>
	<user_parameter name="CONFIG.PSU__QSPI__PERIPHERAL__IO" value="MIO 0 .. 5"/>
	<user_parameter name="CONFIG.PSU__QSPI__PERIPHERAL__MODE" value="Single"/>
	-->
	<user_parameter name="CONFIG.PSU__UART0__PERIPHERAL__ENABLE" value="1"/>
	<user_parameter name="CONFIG.PSU__UART0__PERIPHERAL__IO" value="MIO 42 .. 43"/>

	<!-- <user_parameter name="CONFIG.PSU__SD0__GRP_RESET__IO" value="MIO 23"/> -->
	<!-- resetピンを指定するパラメタ名がわからない。自動的にMSB+1になっているように見える -->
	<!-- 
	<user_parameter name="CONFIG.PSU__SD0__RESET__ENABLE" value="1"/>
	<user_parameter name="CONFIG.PSU__SD0__PERIPHERAL__ENABLE" value="1"/>
	<user_parameter name="CONFIG.PSU__SD0__DATA_TRANSFER_MODE" value="8Bit"/> 
	<user_parameter name="CONFIG.PSU__SD0__PERIPHERAL__IO" value="MIO 13 .. 22"/>
	<user_parameter name="CONFIG.PSU__SD0__SLOT_TYPE" value="eMMC"/>
	-->
	
	<!-- /dev/mmcblk0 if SD0 with emmc not in use, otherwise /dev/mmcblk1 -->
	<user_parameter name="CONFIG.PSU__SD1__GRP_CD__ENABLE" value="1"/>
	<user_parameter name="CONFIG.PSU__SD1__GRP_CD__IO" value="MIO 45"/>
	<!-- <user_parameter name="CONFIG.PSU__SD1__GRP_POW__ENABLE" value="0"/> -->
	<!-- <user_parameter name="CONFIG.PSU__SD1__GRP_POW__IO" value="MIO 43"/>  -->
	<!-- <user_parameter name="CONFIG.PSU__SD1__GRP_WP__ENABLE" value="1"/> -->
	<!-- <user_parameter name="CONFIG.PSU__SD1__GRP_WP__IO" value="MIO 44"/>-->
	<user_parameter name="CONFIG.PSU__SD1__PERIPHERAL__ENABLE" value="1"/>
	<user_parameter name="CONFIG.PSU__SD1__DATA_TRANSFER_MODE" value="4Bit"/> 
	<user_parameter name="CONFIG.PSU__SD1__PERIPHERAL__IO" value="MIO 46 .. 51"/>
	<user_parameter name="CONFIG.PSU__SD1__SLOT_TYPE" value="SD 2.0"/>

	<user_parameter name="CONFIG.PSU__CRL_APB__SDIO1_REF_CTRL__SRCSEL" value="IOPLL"/> <!-- defaultはRPLL  -->
	
	<user_parameter name="CONFIG.PSU__DDRC__VREF" value="1"/>
	<user_parameter name="CONFIG.PSU__DDRC__ECC" value="Disabled"/>
	<user_parameter name="CONFIG.PSU__DDRC__BUS_WIDTH" value="64 Bit"/>
	<user_parameter name="CONFIG.PSU__DDRC__DRAM_WIDTH" value="16 Bits"/>
	<user_parameter name="CONFIG.PSU__DDRC__MEMORY_TYPE" value="DDR 4"/>
	<user_parameter name="CONFIG.PSU__DDRC__COMPONENTS" value="COMPONENTS"/>
	<user_parameter name="CONFIG.PSU__DDRC__SPEED_BIN" value="DDR4_2400P"/>
	<user_parameter name="CONFIG.PSU__CRF_APB__DDR_CTRL__FREQMHZ" value="1200"/>
	<user_parameter name="CONFIG.PSU__DDRC__DEVICE_CAPACITY" value="8192 MBits"/>
	<user_parameter name="CONFIG.PSU__DDRC__RANK_ADDR_COUNT" value="0"/>
	<user_parameter name="CONFIG.PSU__DDRC__BG_ADDR_COUNT" value="1"/>
	<user_parameter name="CONFIG.PSU__DDRC__BANK_ADDR_COUNT" value="2"/>
	<user_parameter name="CONFIG.PSU__DDRC__ROW_ADDR_COUNT" value="16"/>
	<user_parameter name="CONFIG.PSU__DDRC__COL_ADDR_COUNT" value="10"/>
	<user_parameter name="CONFIG.PSU__DDRC__CL" value="16"/>
	<user_parameter name="CONFIG.PSU__DDRC__CWL" value="12"/>

	<user_parameter name="CONFIG.PSU__DDRC__T_RCD" value="16"/>
	<user_parameter name="CONFIG.PSU__DDRC__T_RP" value="16"/> <!-- Precharge time -->
	<user_parameter name="CONFIG.PSU__DDRC__T_RC" value="45.32"/>
	<user_parameter name="CONFIG.PSU__DDRC__T_RAS_MIN" value="32"/>
	<user_parameter name="CONFIG.PSU__DDRC__T_FAW" value="30.0"/>
	<user_parameter name="CONFIG.PSU__DDRC__DDR4_T_REF_MODE" value="0"/>
	<user_parameter name="CONFIG.PSU__DDRC__DDR4_T_REF_RANGE" value="Normal (0-85)"/>
	<user_parameter name="CONFIG.PSU__DDRC__PHY_DBI_MODE" value="0"/>
	<user_parameter name="CONFIG.PSU__DDRC__PARITY_ENABLE" value="0"/>
	<user_parameter name="CONFIG.PSU__DDRC__CLOCK_STOP_EN" value="0"/>
	<user_parameter name="CONFIG.PSU__DDRC__DDR4_CAL_MODE_ENABLE" value="0"/>
	<user_parameter name="CONFIG.PSU__DDRC__DDR4_CRC_CONTROL" value="0"/>
	<user_parameter name="CONFIG.PSU__DDRC__TRAIN_DATA_EYE" value="1"/>
	<user_parameter name="CONFIG.PSU__DDRC__TRAIN_READ_GATE" value="1"/>
	<user_parameter name="CONFIG.PSU__DDRC__TRAIN_WRITE_LEVEL" value="1"/>
	<user_parameter name="CONFIG.PSU__DDRC__DDR4_ADDR_MAPPING" value="0"/>
	<user_parameter name="CONFIG.PSU__DDRC__BRC_MAPPING" value="ROW_BANK_COL"/>
	<user_parameter name="CONFIG.PSU__DDRC__DM_DBI" value="DM_NO_DBI"/>
	<user_parameter name="CONFIG.PSU__DDRC__PER_BANK_REFRESH" value="0"/>
	<user_parameter name="CONFIG.PSU__DDRC__FGRM" value="1X"/>
	<user_parameter name="CONFIG.PSU__DDRC__LP_ASR" value="manual normal"/>
	<user_parameter name="CONFIG.PSU__DDRC__DIMM_ADDR_MIRROR" value="0"/>
	<user_parameter name="CONFIG.PSU__DDRC__STATIC_RD_MODE" value="0"/>
	<user_parameter name="CONFIG.PSU__DDRC__SELF_REF_ABORT" value="0"/>

	<!-- <user_parameter name="CONFIG.PSU__USE__M_AXI_GP0" value="1"/> --> <!-- HPC0 FPD --> 
	<!-- <user_parameter name="CONFIG.PSU__USE__M_AXI_GP1" value="1"/> --> <!-- HPC1 FPD --> 
	<user_parameter name="CONFIG.PSU__USE__M_AXI_GP2" value="1"/> <!-- HPC0 LPD --> 

	<user_parameter name="CONFIG.PSU__USE__S_AXI_GP0" value="1"/> <!-- HPC0 FPD --> 
	<!-- <user_parameter name="CONFIG.PSU__USE__S_AXI_GP1" value="1"/> --> <!-- HPC1 FPD -->
	<!-- <user_parameter name="CONFIG.PSU__USE__S_AXI_GP2" value="1"/> --> <!-- HP0 FPD -->
	<!-- <user_parameter name="CONFIG.PSU__USE__S_AXI_GP3" value="1"/> --> <!-- HP1 FPD -->
	<!-- <user_parameter name="CONFIG.PSU__USE__S_AXI_GP4" value="1"/> --> <!-- HP2 FPD -->
	<!-- <user_parameter name="CONFIG.PSU__USE__S_AXI_GP5" value="1"/> --> <!-- HP3 FPD -->
	<!-- <user_parameter name="CONFIG.PSU__USE__S_AXI_GP6" value="1"/> --> <!-- LPD -->
	<!-- <user_parameter name="CONFIG.PSU__USE__S_AXI_ACP" value="1"/> -->
	<!-- <user_parameter name="CONFIG.PSU__USE__S_AXI_ACE" value="1"/> -->


      </user_parameters>
    </ip>
  </ip_preset>
 
</ip_presets>
